{"train/loss":3.155933380126953,"train/lr":6.0599999999999996e-05,"train/step":101,"_wandb":{"runtime":33},"_runtime":33,"_timestamp":1.7716031983720455e+09,"_step":101}